limbs32	v8_us	conv_in_us	kernel_us	conv_out_us	e2e_us	e2e_speedup
64	0.7080	1.003	1.049	1.502	3.694	0.19
128	2.402	1.817	3.513	2.766	8.267	0.29
256	7.756	3.451	11.40	5.268	20.46	0.38
512	24.91	6.784	19.14	10.17	36.59	0.68
1024	74.40	13.45	40.05	20.18	74.28	1.00
2048	223.6	26.74	83.75	39.26	151.8	1.47
4096	452.6	53.41	176.9	78.15	310.9	1.46
8192	1045	107.6	369.8	162.1	637.6	1.64
16384	2429	229.2	773.1	322.3	1328	1.83
32768	5538	452.2	1633	643.9	2752	2.01
65536	1.347e+4	889.0	3424	1261	5662	2.38
131072	3.027e+4	1744	7379	2569	1.170e+4	2.59
262144	6.963e+4	3476	1.555e+4	5197	2.411e+4	2.89
524288	1.412e+5	6869	3.303e+4	1.040e+4	5.050e+4	2.80
1048576	3.034e+5	1.449e+4	6.786e+4	2.122e+4	1.035e+5	2.93
