limbs	bits	log2N	budget	balanced	kind	maxErr	exact
1024	12	13	37	1	rand	1.7881393432617188e-7	yes
1024	13	13	39	1	rand	8.344650268554688e-7	yes
1024	14	13	41	1	rand	0.00000286102294921875	yes
1024	15	13	43	1	rand	0.00000858306884765625	yes
1024	16	13	45	1	rand	0.00003814697265625	yes
1024	17	12	46	1	rand	0.0001373291015625	yes
1024	18	12	48	1	rand	0.00067138671875	yes
1024	19	12	50	1	rand	0.001953125	yes
1024	20	12	52	1	rand	0.0087890625	yes
1024	21	12	54	1	rand	0.033203125	yes
1024	22	12	56	1	rand	0.15625	yes
1024	12	13	37	0	rand	0.0000095367431640625	yes
1024	13	13	39	0	rand	0.000030517578125	yes
1024	14	13	41	0	rand	0.0001220703125	yes
1024	15	13	43	0	rand	0.00048828125	yes
1024	16	13	45	0	rand	0.00146484375	yes
1024	17	12	46	0	rand	0.0048828125	yes
1024	18	12	48	0	rand	0.01953125	yes
1024	19	12	50	0	rand	0.0625	yes
1024	20	12	52	0	rand	0.3125	yes
1024	21	12	54	0	rand	0.5	
1024	12	13	37	1	ones	2.9103830456733704e-11	yes
1024	13	13	39	1	ones	2.9103830456733704e-11	yes
1024	14	13	41	1	ones	9.919176591210999e-12	yes
1024	15	13	43	1	ones	4.3655745685100555e-11	yes
1024	16	13	45	1	ones	0	yes
1024	17	12	46	1	ones	1.1641532182693481e-10	yes
1024	18	12	48	1	ones	6.548361852765083e-11	yes
1024	19	12	50	1	ones	7.450580596923828e-9	yes
1024	20	12	52	1	ones	1.809116266208475e-11	yes
1024	21	12	54	1	ones	2.9103830456733704e-11	yes
1024	22	12	56	1	ones	2.106252220060269e-10	yes
1024	12	13	37	0	ones	0.0000457763671875	yes
1024	13	13	39	0	ones	0.0001220703125	yes
1024	14	13	41	0	ones	0.00048828125	yes
1024	15	13	43	0	ones	0.00146484375	yes
1024	16	13	45	0	ones	0.0078125	yes
1024	17	12	46	0	ones	0.01953125	yes
1024	18	12	48	0	ones	0.09375	yes
1024	19	12	50	0	ones	0.3125	yes
1024	20	12	52	0	ones	0.5	
16384	12	17	41	1	rand	0.0000011920928955078125	yes
16384	13	17	43	1	rand	0.000005245208740234375	yes
16384	14	17	45	1	rand	0.000016689300537109375	yes
16384	15	17	47	1	rand	0.00006103515625	yes
16384	16	17	49	1	rand	0.000244140625	yes
16384	17	16	50	1	rand	0.0010986328125	yes
16384	18	16	52	1	rand	0.00347900390625	yes
16384	19	16	54	1	rand	0.015625	yes
16384	20	16	56	1	rand	0.05859375	yes
16384	21	16	58	1	rand	0.21875	yes
16384	22	16	60	1	rand	0.5	
16384	12	17	41	0	rand	0.00018310546875	yes
16384	13	17	43	0	rand	0.0009765625	yes
16384	14	17	45	0	rand	0.003173828125	yes
16384	15	17	47	0	rand	0.013671875	yes
16384	16	17	49	0	rand	0.0390625	yes
16384	17	16	50	0	rand	0.140625	yes
16384	18	16	52	0	rand	0.4375	yes
16384	19	16	54	0	rand	0.5	
16384	12	17	41	1	ones	1.4551915228366852e-11	yes
16384	13	17	43	1	ones	1.8088423398010534e-9	yes
16384	14	17	45	1	ones	6.6385292445472754e-15	yes
16384	15	17	47	1	ones	1.0186340659856796e-10	yes
16384	16	17	49	1	ones	0	yes
16384	17	16	50	1	ones	4.3655745685100555e-11	yes
16384	18	16	52	1	ones	1.7763568394002505e-14	yes
16384	19	16	54	1	ones	3.913536161803677e-15	yes
16384	20	16	56	1	ones	1.4551915228366852e-11	yes
16384	21	16	58	1	ones	2.6150956400350367e-15	yes
16384	22	16	60	1	ones	5.002220859751105e-12	yes
16384	12	17	41	0	ones	0.000732421875	yes
16384	13	17	43	0	ones	0.0029296875	yes
16384	14	17	45	0	ones	0.01171875	yes
16384	15	17	47	0	ones	0.046875	yes
16384	16	17	49	0	ones	0.171875	yes
16384	17	16	50	0	ones	0.5	
262144	12	21	45	1	rand	0.00000667572021484375	yes
262144	13	21	47	1	rand	0.00002288818359375	yes
262144	14	21	49	1	rand	0.000091552734375	yes
262144	15	21	51	1	rand	0.000396728515625	yes
262144	16	21	53	1	rand	0.0013427734375	yes
262144	17	20	54	1	rand	0.00732421875	yes
262144	18	20	56	1	rand	0.021484375	yes
262144	19	20	58	1	rand	0.0859375	yes
262144	20	20	60	1	rand	0.375	yes
262144	21	20	62	1	rand	0.5	
262144	12	21	45	0	rand	0.0048828125	yes
262144	13	21	47	0	rand	0.017578125	yes
262144	14	21	49	0	rand	0.0625	yes
262144	15	21	51	0	rand	0.25	yes
262144	16	21	53	0	rand	0.5	
262144	12	21	45	1	ones	5.820766091346741e-11	yes
262144	13	21	47	1	ones	3.637978807091713e-11	yes
262144	14	21	49	1	ones	1.4210854715202004e-13	yes
262144	15	21	51	1	ones	7.275957614183426e-11	yes
262144	16	21	53	1	ones	0	yes
262144	17	20	54	1	ones	1.327531669662041e-10	yes
262144	18	20	56	1	ones	7.971738735587885e-8	yes
262144	19	20	58	1	ones	7.450580596923828e-8	yes
262144	20	20	60	1	ones	4.3655745685100555e-11	yes
262144	21	20	62	1	ones	3.725290298461914e-9	yes
262144	22	20	64	1	ones	2.9103830456733704e-11	yes
262144	12	21	45	0	ones	0.017578125	yes
262144	13	21	47	0	ones	0.078125	yes
262144	14	21	49	0	ones	0.25	yes
262144	15	21	51	0	ones	0.5	
1048576	12	23	47	1	rand	0.0000152587890625	
1048576	13	23	49	1	rand	0.000057220458984375	
1048576	14	23	51	1	rand	0.000244140625	
1048576	15	23	53	1	rand	0.00079345703125	
1048576	16	23	55	1	rand	0.003173828125	
1048576	17	22	56	1	rand	0.013671875	
1048576	18	22	58	1	rand	0.05078125	
1048576	19	22	60	1	rand	0.171875	
1048576	20	22	62	1	rand	0.5	
1048576	12	23	47	0	rand	0.01953125	
1048576	13	23	49	0	rand	0.0703125	
1048576	14	23	51	0	rand	0.3125	
1048576	15	23	53	0	rand	0.5	
1048576	12	23	47	1	ones	5.820766091346741e-11	
1048576	13	23	49	1	ones	3.552713678800501e-15	
1048576	14	23	51	1	ones	7.382626724644734e-15	
1048576	15	23	53	1	ones	2.1316282072803006e-14	
1048576	16	23	55	1	ones	0	
1048576	17	22	56	1	ones	2.1316282072803006e-14	
1048576	18	22	58	1	ones	1.5987211554602254e-14	
1048576	19	22	60	1	ones	1.7881393432617188e-7	
1048576	20	22	62	1	ones	1.4901161193847656e-8	
1048576	21	22	64	1	ones	7.105427357601002e-15	
1048576	22	22	66	1	ones	2.3283064365386963e-10	
1048576	12	23	47	0	ones	0.09375	
1048576	13	23	49	0	ones	0.3125	
1048576	14	23	51	0	ones	0.5	
