limbs32	v8_us	kara_us	fft_us	auto_us
8	0.03310	0.05461	0.2748	0.05501
11	0.05343	0.08189	0.4638	0.08202
16	0.06875	0.1270	0.5104	0.1272
23	0.1272	0.2077	0.8919	0.2082
32	0.1989	0.3337	1.007	0.3345
45	0.3819	0.5690	1.886	0.5682
64	0.7088	1.049	2.105	1.050
91	1.366	2.069	3.928	2.062
128	2.392	3.519	4.397	3.525
181	4.388	6.771	8.223	6.764
256	7.747	11.45	9.200	9.223
362	14.08	21.52	17.38	17.21
512	24.76	36.19	19.15	19.20
724	44.58	67.20	36.15	36.20
1024	74.29	112.5	40.06	40.15
1448	131.6	207.2	76.14	76.93
2048	227.9	345.2	83.88	83.80
2896	383.5	632.4	161.3	161.5
4096	454.6	1053	177.3	178.6
5793	703.8	1950	339.2	341.8
8192	1051	3194	374.2	374.3
11585	1506	6151	715.0	717.8
16384	2443	9618	774.4	777.3
23170	3204	1.765e+4	1506	1508
32768	5536	2.899e+4	1645	1634
46341	6770	5.298e+4	3197	3210
65536	1.356e+4	8.731e+4	3455	3480
92682	1.692e+4	1.592e+5	6864	6860
131072	3.032e+4	2.625e+5	7410	7419
185364	3.532e+4	4.784e+5	1.446e+4	1.446e+4
262144	6.972e+4	7.885e+5	1.556e+4	1.555e+4
370728	9.313e+4	1.442e+6	3.106e+4	3.108e+4
524288	1.415e+5	2.378e+6	3.328e+4	3.328e+4
741455	1.950e+5	4.328e+6	6.844e+4	6.841e+4
1048576	3.037e+5	7.140e+6	7.298e+4	7.296e+4
